ClassID	Group	ItemClassName	ItemName	Rank
1	Cos	SunsetStripeSuit1_Cos	<$>28816</>	0
2	Cos	CamisadeSoldado_Cos	<$>28817</>	0
3	Cos	TheGladiator_Cos	<$>28818</>	0
4	Cos	LaranjaEPreto_Cos	<$>28819</>	0
5	Cos	LaVentisca_Cos	<$>28823</>	0
6	Cos	BoneFrameArmor_Cos	<$>28820</>	0
7	Cos	PantheraJaquette_Cos	<$>28822</>	0
8	Cos	DragoonCoat_Cos	<$>28821</>	0
11	Cos	RescueSuit_Cos	<$>28824</>	0
13	Cos	CapezzoloDiPericolo_Cos	<$>28825</>	0
14	Cos	Albaes_Cos	<$>28826</>	0
15	Cos	ClaraMago_Cos	<$>28827</>	0
16	Cos	Striform_Cos	<$>28828</>	0
17	Cos	CorsairRosso_Cos	<$>28829</>	0
18	Cos	Elementalist_Cos	<$>28830</>	0
19	Cos	Alegrias_Cos	<$>28831</>	0
20	Cos	RosaMatrimonio_Cos	<$>28832</>	0
21	Cos	PlateMail_Cos	<$>28833</>	0
22	Cos	LeatherArmor1_Cos	<$>28834</>	0
23	Cos	StuddedleatherArmor1_Cos	<$>28835</>	0
24	Cos	ScaleArmor1_Cos	<$>28836</>	0
25	Cos	FieldPlate1_Cos	<$>28837</>	0
26	Cos	LongCoat1_Cos	<$>28838</>	0
27	Cos	Redingote1_Cos	<$>28839</>	0
28	Cos	JustoCoprs1_Cos	<$>28840</>	0
29	Cos	FireRobe3_Cos	<$>28841</>	0
30	Cos	IceRobe3_Cos	<$>28842</>	0
31	Cos	LightningRobe3_Cos	<$>28843</>	0
32	Cos	FireRobe52_New_Cos	<$>28844</>	0
33	Cos	IceRobe52_New_Cos	<$>28845</>	0
34	Cos	LightningRobe52_New_Cos	<$>28846</>	0
1001	Cos	LyndonCoat	<$>28847</>	1
1002	Cos	BearSuit	<$>28848</>	1
1003	Cos	CrocSuit	<$>28849</>	1
1004	Cos	FighterJacketM	<$>28850</>	1
1005	Cos	FighterJacketF	<$>28851</>	1
1006	Cos	WizardCoatM	<$>28852</>	1
1007	Cos	WizardCoatF	<$>28853</>	1
1008	Cos	ScoutSuitM	<$>28854</>	1
1009	Cos	ScoutSuitF	<$>28855</>	1
1010	Cos	MusketeerUniformM	<$>28856</>	1
1011	Cos	MusketeerUniformF	<$>28857</>	1
1012	Cos	WarlockDressM	<$>28858</>	1
1013	Cos	WarlockDressF	<$>28859</>	1
1014	Cos	FanaticSuitCos	<$>28860</>	1
1015	Cos	MaidUniformCos	<$>28861</>	1
1016	Cos	OilBodyCos	<$>28862</>	1
1017	Cos	TorscheDressCos	<$>28863</>	1
1018	Cos	MizViolet	<$>28864</>	1
1019	Cos	NaharuRosa	<$>28865</>	1
1020	Cos	SchoolLook	<$>28866</>	1
1021	Cos	BasicFGT2_Cos	<$>28867</>	1
1022	Cos	BasicSCT3_Cos	<$>28868</>	1
1023	Cos	BasicWIZ2_Cos	<$>28869</>	1
1024	Cos	BasicWAR2_Cos	<$>28870</>	1
1025	Cos	BasicMUS2_Cos	<$>28871</>	1
1026	Cos	SchoolLookMUS	<$>28872</>	1
1027	Cos	SchoolLookSCT	<$>28873</>	1
1028	Cos	SchoolLookWIZ	<$>28874</>	1
1029	Cos	SchoolLookWAR	<$>28875</>	1
1030	Cos	BistreCostume	<$>28876</>	1
1031	Cos	PirateCostume	<$>28877</>	1
1032	Cos	WarcookerCostume	<$>28878</>	1
1033	Cos	DebaucheeCostume	<$>28879</>	1
1034	Cos	BattleSmithCostume	<$>28880</>	1
1035	Cos	EmilSageCostume	<$>28881</>	1
1036	Cos	NoblessCoatCostume	<$>28882</>	1
1037	Cos	DilosRobe_Cos	<$>28883</>	1
1038	Cos	BanderaPirataCostume	<$>28884</>	1
1039	Cos	RosaCaninaCostume	<$>28885</>	1
1040	Cos	BellyDancerCostume	<$>28886</>	1
1041	Cos	MetalSpiritCostume	<$>28887</>	1
1042	Cos	PromenadeDressCostume	<$>28888</>	1
1043	Cos	LeafageSuitCostume	<$>28889</>	1
1044	Cos	ShalwarKamisCostume	<$>28890</>	1
1045	Cos	WildGuyCostume	<$>28891</>	1
1046	Cos	GorgeousSuitCostume	<$>28892</>	1
1047	Cos	GrimPheonixCostume	<$>28893</>	1
1048	Cos	DesperadoSuitCostume	<$>28894</>	1
1049	Cos	BearSuit3	<$>28895</>	1
1050	Cos	CrocSuit2	<$>28896</>	1
1051	Cos	ArchitectureUniformCostume	<$>28897</>	1
1052	Cos	JuniorSchoollookCostume	<$>28898</>	1
1053	Cos	KickBoxerCostume	<$>28899</>	1
1054	Cos	DecoruosHuntersuit	<$>28900</>	1
1055	Cos	DisDashaCostume	<$>28901</>	1
1056	Cos	RaffineCostume	<$>28902</>	1
1057	Cos	ChipaoCostume	<$>28903</>	1
1058	Cos	CenturionCostume	<$>28904</>	1
1059	Cos	RegimentUniformCostume	<$>28905</>	1
1060	Cos	BoneFrameArmor2_Cos	<$>28906</>	1
1061	Cos	DragoonCoat2_Cos	<$>28907</>	1
1062	Cos	PantheraJaquette2_Cos	<$>28908</>	1
1063	Cos	CoimCenturionCostume	<$>28909</>	1
1064	Cos	OutrageousCostume	<$>28910</>	1
1065	Cos	JuniorSchoollookCostume_S	<$>28911</>	1
1066	Cos	CenturionCostume_S	<$>28912</>	1
1067	Cos	BachCostume	<$>28913</>	1
1068	Cos	KalidCostume	<$>28914</>	1
1069	Cos	LuxuryDiscipleCostume	<$>28915</>	1
1070	Cos	ImmortalChiefCostume	<$>28916</>	1
1071	Cos	NarcisoCostume	<$>28917</>	1
1072	Cos	CrusaderCoatCostume	<$>28918</>	1
1073	Cos	ByzantkohlCostume	<$>28919</>	1
1074	Cos	FrauleinCostume	<$>28920</>	1
1075	Cos	DigniteCostume_FGT	<$>28921</>	1
1076	Cos	CockatriesSuitCostume	<$>28922</>	1
1077	Cos	WhiteVentCostume	<$>28923</>	1
1078	Cos	CinerariaCostume	<$>28924</>	1
1079	Cos	DigniteCostume_MUS	<$>28925</>	1
1080	Cos	DigniteCostume_SCT	<$>28926</>	1
1081	Cos	DigniteCostume_WIZ	<$>28927</>	1
1082	Cos	DigniteCostume_WAR	<$>28928</>	1
1083	Cos	LeScarceCostume_FGT	<$>28929</>	1
1084	Cos	LeScarceCostume_MUS	<$>28930</>	1
1085	Cos	LeScarceCostume_SCT	<$>28931</>	1
1086	Cos	LeScarceCostume_WIZ	<$>28932</>	1
1087	Cos	LeScarceCostume_WAR	<$>28933</>	1
1088	Cos	RoseCamellia_FGT	<$>28934</>	1
1089	Cos	BlacknessRose_WIZ	<$>28935</>	1
1090	Cos	CliviaSprite_MUS	<$>28936</>	1
1091	Cos	SpitClianthes_MUS	<$>28937</>	1
1092	Cos	Zephyranthes_FGT	<$>28938</>	1
1093	Cos	CronianThanatos_SCT	<$>28939</>	1
1094	Cos	CronianNephthys_SCT	<$>28940</>	1
1095	Cos	GoldentaleMagius_WAR	<$>28941</>	1
1096	Cos	VeronicaChipao_WIZ	<$>28942</>	1
1097	Cos	NanaArtogeia_WAR	<$>28943</>	1
1098	Cos	Piernoente_FGT	<$>28944</>	1
1099	Cos	Camaryllis_MUS	<$>28945</>	1
1100	Cos	Inviardeco_SCT	<$>28946</>	1
1101	Cos	Calienalbino_WIZ	<$>28947</>	1
1102	Cos	Geniaruleano_WAR	<$>28948</>	1
1103	Cos	CowSuit_Female	<$>28949</>	1
1104	Cos	CowSuit_male	<$>28950</>	1
1105	Cos	SlendorPeaco_WIZ	<$>28951</>	1
1106	Cos	TorosmataRen_SCT	<$>28952</>	1
1107	Cos	ArcaneroPlate_FGT	<$>28953</>	1
1108	Cos	Variltorta_MUS	<$>28954</>	1
1109	Cos	Clarcana_SCT	<$>28955</>	1
1110	Cos	Deinclian_WIZ	<$>28956</>	1
1111	Cos	Ruidestencia_WAR	<$>28957</>	1
1112	Cos	SlendKlolia_WIZ	<$>28958</>	1
1113	Cos	TorozvahEll_SCT	<$>28959</>	1
1114	Cos	AgioRegion_FGT	<$>28960</>	1
1115	Cos	BleRastere_MUS	<$>28961</>	1
1116	Cos	JadePhraxi_SCT	<$>28962</>	1
1117	Cos	MabroMetis_Wiz	<$>28963</>	1
1118	Cos	OlgaPatricia_War	<$>28964</>	1
1119	Cos	AsupRegion_FGT	<$>28965</>	1
1120	Cos	PhshiRastere_MUS	<$>28966</>	1
1121	Cos	RaidPhraxi_SCT	<$>28967</>	1
1122	Cos	MabroPeira_Wiz	<$>28968</>	1
1123	Cos	RosePatricia_War	<$>28969</>	1
1124	Cos	Caerunis_Nar	<$>28970</>	1
1125	Cos	Caeromia_Ania	<$>28971</>	1
1126	Cos	Santacos_Adel	<$>28972</>	1
1127	Cos	Santacos_Ber	<$>28973</>	1
1128	Cos	Santacos_Emil	<$>28974</>	1
1129	Cos	Santacos_Caly	<$>28975</>	1
1130	Cos	Lavender_Selva	<$>28976</>	1
1131	Cos	FigureSkate_FGT	<$>28977</>	1
1132	Cos	LordPlate_Grandma	<$>28978</>	1
1133	Cos	BristianNoble_Garcia	<$>28979</>	1
1134	Cos	Violeita_Lunatic	<$>28980</>	1
1135	Cos	BristianColonel_Eduardo	<$>28981</>	1
1136	Cos	Anemone_Cal	<$>28982</>	1
1137	Cos	SoulOfSamurai1	<$>28983</>	1
1138	Cos	SoulOfSamurai2	<$>28984</>	1
1139	Cos	SoulOfSamurai3	<$>28985</>	1
1140	Cos	Samurai1	<$>28983</>	1
1141	Cos	Samurai2	<$>28984</>	1
1142	Cos	Samurai3	<$>28985</>	1
1143	Cos	BeachWearFGT_Infinite	<$>28986</>	1
1144	Cos	BeachWearMUS_Infinite	<$>28987</>	1
1145	Cos	BeachWearSCT_Infinite	<$>28988</>	1
1146	Cos	BeachWearWIZ_Infinite	<$>28989</>	1
1147	Cos	BeachWearWAR_Infinite	<$>28990</>	1
1148	Cos	SchoolLookFGT2	<$>28991</>	1
1149	Cos	SchoolLookMUS2	<$>28992</>	1
1150	Cos	SchoolLookSCT2	<$>28993</>	1
1151	Cos	SchoolLookWIZ2	<$>28994</>	1
1152	Cos	SchoolLookWAR2	<$>28995</>	1
1153	Cos	KoreanCostume_WAR_F	<$>28996</>	1
1154	Cos	SchoolLookFGT3	<$>28997</>	1
1155	Cos	SchoolLookMUS3	<$>28998</>	1
1156	Cos	SchoolLookSCT3	<$>28999</>	1
1157	Cos	SchoolLookWIZ3	<$>29000</>	1
1158	Cos	SchoolLookWAR3	<$>29001</>	1
1159	Cos	SantaCostumeFGT	<$>29002</>	1
1160	Cos	SantaCostumeMUS	<$>29003</>	1
1161	Cos	SantaCostumeSCT	<$>29004</>	1
1162	Cos	SantaCostumeWIZ	<$>29005</>	1
1163	Cos	SantaCostumeWAR	<$>29006</>	1
1164	Cos	KoreanCostume_FGT_M	<$>29007</>	1
1165	Cos	KoreanCostume_MUS_M	<$>29008</>	1
1166	Cos	KoreanCostume_SCT_M	<$>29009</>	1
1167	Cos	BlueSerpentPlate_FGT_M	<$>29010</>	1
1168	Cos	BlueSerpent_FGT_M	<$>29011</>	1
1169	Cos	BlueSerpent_MUS_M	<$>29012</>	1
1170	Cos	BlueSerpent_SCT_M	<$>29013</>	1
1171	Cos	BlueSerpent_WIZ_M	<$>29014</>	1
1172	Cos	BlueSerpent_WAR_M	<$>29015</>	1
1173	Cos	BlueSerpentPlate_FGT_F	<$>29016</>	1
1174	Cos	BlueSerpent_FGT_F	<$>29017</>	1
1175	Cos	BlueSerpent_FUS_F	<$>29018</>	1
1176	Cos	BlueSerpent_SCT_F	<$>29019</>	1
1177	Cos	BlueSerpent_WIZ_F	<$>29020</>	1
1178	Cos	BlueSerpent_WAR_F	<$>29021</>	1
1179	Cos	EliteLeBlancCostume_US	<$>29022</>	1
1180	Cos	LeNoirCostume_US	<$>29023</>	1
1181	Cos	CapitaineCostume_WIZ	<$>29024</>	1
1182	Cos	CapitaineCostume_FGT	<$>29025</>	1
1183	Cos	CapitaineCostume_MUS	<$>29026</>	1
1184	Cos	CapitaineCostume_WAR	<$>29027</>	1
1185	Cos	CapitaineCostume_SCT	<$>29028</>	1
1186	Cos	BelledejourCostume	<$>29029</>	1
1187	Cos	PigeonneCostume	<$>29030</>	1
1188	Cos	BlackBuffaloCostume	<$>29031</>	1
1189	Cos	WarOfHeroCostume	<$>29032</>	1
1190	Cos	BlackpearlCostume	<$>29033</>	1
1191	Cos	Navy_Admiral	<$>29034</>	1
1192	Cos	Navy_Captain	<$>29035</>	1
1193	Cos	Navy_Officer	<$>29036</>	1
1194	Cos	Navy_Lieutenant	<$>29037</>	1
1195	Cos	HoneybeeCostume	<$>29038</>	1
1196	Cos	PrimavellaCostume	<$>29039</>	1
1197	Cos	BlackwisteriaCostume	<$>29040</>	1
1198	Cos	IrischipaoCostume	<$>29041</>	1
1199	Cos	IberisCostume	<$>29042</>	1
1200	Cos	SchneweisCostume	<$>29043</>	1
1201	Cos	BlaueSpielCosTume	<$>29044</>	1
1202	Cos	RosacamilleCostume	<$>29045</>	1
1203	Cos	CorchicumCostume	<$>29046</>	1
1204	Cos	LinariaCostume	<$>29047</>	1
1205	Cos	FreesiaCostume	<$>29048</>	1
1206	Cos	GraceIxiaCostume	<$>29049</>	1
1207	Cos	SakuraCostume	<$>29050</>	1
1208	Cos	GauraCostume	<$>29051</>	1
1209	Cos	GloriosaCostume	<$>29052</>	1
1210	Cos	LaFleurEcarlateCos_War	<$>29053</>	1
1211	Cos	CattleyaCos_Hell	<$>29054</>	1
1212	Cos	FlammeBlanche_JPN	<$>29055</>	1
1213	Cos	TrifoliumCos_JPN	<$>29056</>	1
1214	Cos	AngelicaCos_Bru	<$>29057</>	1
1215	Cos	DelangeSouriantCostume	<$>29058</>	1
1216	Cos	sensation_JPN	<$>29059</>	1
1217	Cos	sagittaire_JPN	<$>29060</>	1
1218	Cos	chevre_JPN	<$>29061</>	1
1219	Cos	lionnoble_JPN	<$>29062</>	1
1220	Cos	f_heartofimagine	<$>29063</>	1
1221	Cos	m_heartofimagine	<$>29064</>	1
1222	Cos	Emeraldsmm_Cos	<$>29065</>	1
1223	Cos	windfirst	<$>29066</>	1
1224	Cos	BearSuit2	<$>29067</>	1
1225	Cos	LudinCos1	<$>29068</>	1
1226	Cos	LudinCos2	<$>29069</>	1
1227	Cos	LudinCos3	<$>29070</>	1
1228	Cos	LudinCos4	<$>29071</>	1
1229	Cos	LudinCos5	<$>29072</>	1
1230	Cos	LudinCos6	<$>29073</>	1
1231	Cos	LudinCos7	<$>29074</>	1
1232	Cos	LudinCos8	<$>29075</>	1
1233	Cos	LudinCos9	<$>29076</>	1
1234	Cos	LeBlancCostume_US	<$>29077</>	1
1235	Cos	RougeanNoir_Die	<$>29078</>	1
1236	Cos	Belier_JPN	<$>29079</>	1
1237	Cos	verseau_JPN	<$>29080</>	1
1238	Cos	Wedding	<$>29081</>	1
1239	Cos	Blackbanshee_Cos	<$>29082</>	1
1240	Cos	honestheart_hel	<$>29083</>	1
1241	Cos	azeleacos_JPN	<$>29084</>	1
1242	Cos	Indigo9Cos	<$>29085</>	1
1243	Cos	Santacos_Valleria	<$>29086</>	1
1244	Cos	Santacos_Mifuyu	<$>29087</>	1
1245	Cos	valkyrie_JPN	<$>29088</>	1
1246	Cos	Ororyza_Cos	<$>29089</>	1
1247	Cos	IdgeLilyCostume	<$>29090</>	1
1248	Cos	reve_JPN	<$>79212</>	1
1249	Cos	steelgryphon_RUS	<$>29092</>	1
1250	Cos	ShootingLove_Cos	<$>29093</>	1
1251	Cos	RevenantCos	<$>34503</>	1
1252	Cos	Baby_Doll	<$>67767</>	1
1253	Cos	AdmiralPrivate_Cos	<$>68254</>	1
1254	Cos	Capitaine_Ion	<$>68272</>	1
1255	Cos	Silverane_Daria	<$>81866</>	1
1256	Cos	FatimaCos	<$>81867</>	1
1257	Cos	Capitaine_Vincent	<$>77109</>	1
1258	Cos	DarkBlueCos	<$>80003</>	1
1259	Cos	ArchaicAcademic_Cos	<$>34857</>	1
1260	Cos	CrimalMetalicSuit_Cos_US	<$>29745</>	1
1261	Cos	wfabyss	<$>34803</>	1
1262	Cos	BlackandWhiteCos	<$>82238</>	1
1263	Cos	AssasinCos	<$>82594</>	1
1264	Cos	CivviesCos	<$>82597</>	1
1265	Cos	SplendorCos	<$>82951</>	1
1266	Cos	RainismCos	<$>82954</>	1
1267	Cos	wmabyss	<$>34805</>	1
1268	Cos	CamisadeSoldado3_cos	<$>34819</>	1
1269	Cos	ButlertogsCos	<$>94385</>	1
1270	Cos	ShadowRobeCos	<$>95341</>	1
1271	Cos	FormalsuitCostume	<$>97017</>	1
1272	Cos	BlackCobraCostume	<$>95774</>	1
1273	Cos	RoseofSonora_Cos	<$>77113</>	1
1274	Cos	FemmeCos	<$>94934</>	1
1275	Cos	LittlePrincessCos	<$>99595</>	1
1276	Cos	GranSummerCos2	<$>82075</>	1
1277	Cos	Whtitecosmos_Cos	<$>34849</>	1
1278	Cos	Upsilon	<$>103363</>	1
1279	Cos	WhiteVentCostume2	<$>105361</>	1
1280	Cos	CosInvisible	<$>105362</>	1
1281	Cos	DesireCos	<$>100393</>	1
1282	Cos	WhiteBlossom_Cos	<$>79925</>	1
1283	Cos	LeReveBleuCos	<$>107426</>	1
1284	Cos	Riderslook	<$>102096</>	1
1285	Cos	RelentlessCos	<$>104265</>	1
1286	Cos	HatofGeneral	<$>111948</>	1
1287	Cos	witnessofhistory	<$>107795</>	1
1288	Cos	Tradekingoftarga	<$>112779</>	1
1289	Cos	Brilliantdandystyle	<$>111830</>	1
1290	Cos	Prettynoble	<$>107428</>	1
1291	Cos	Guardianofaltare	<$>112454</>	1
1292	Cos	whitesierra	<$>118008</>	1
1293	Cos	BunnygirlCos	<$>119589</>	1
1294	Cos	Zebra	<$>106261</>	1
1295	Cos	SunsetrougeCos	<$>120355</>	1
1296	Cos	SierraSummerCos	<$>124405</>	1
1297	Cos	JinNinjaCos	<$>131662</>	1
1298	Cos	LauraBlackSuit	<$>128722</>	1
1299	Cos	GothicLolitaCos	<$>129813</>	1
1300	Cos	EmiliaVioletaCos	<$>135218</>	1
1301	Cos	JDAvanlancheCos	<$>140418</>	1
1302	Cos	LisaAvanlancheCos	<$>140419</>	1
1303	Cos	AniesSchoolLookCos	<$>144256</>	1
1304	Cos	MireilleSchoolLookCos	<$>144257</>	1
1305	Cos	SesilSchoolLookCos	<$>144258</>	1
1306	Cos	JaneSchoolLookCos	<$>144259</>	1
1307	Cos	ClairC2SchoolLookCos	<$>144260</>	1
1308	Cos	SchoolLookCos_Vincent	<$>146283</>	1
1309	Cos	SchoolLookCos_Sirius	<$>146284</>	1
1310	Cos	SchoolLookCos_Van	<$>146285</>	1
1311	Cos	SchoolLookCos_Patrick	<$>146286</>	1
1312	Cos	RachelMarineCos	<$>148467</>	1
1313	Cos	LudinMarineCos	<$>148468</>	1
1314	Cos	DoloresMarineCos	<$>148469</>	1
1315	Cos	LorraineMarineCos	<$>148470</>	1
1316	Cos	JinRockstarCos	<$>152396</>	1
1317	Cos	RosaRockstarCos	<$>152397</>	1
1318	Cos	LauraRockstarCos	<$>152398</>	1
1319	Cos	SummerCos_Leona	<$>159890</>	1
1320	Cos	SummerCos_Leona2	<$>159891</>	1
1321	Cos	SummerCos_Lynn	<$>159892</>	1
1322	Cos	SummerCos_Nena	<$>159893</>	1
1323	Cos	SummerCos_ClairC2	<$>159894</>	1
1324	Cos	BlackRiskyCos	<$>167456</>	1
1325	Cos	VampairCos_Leona	<$>166209</>	1
1326	Cos	VampairCos_Cal	<$>166210</>	1
1327	Cos	VampairCos_Grandies	<$>166211</>	1
1328	Cos	VampairCos_Vendetta	<$>166212</>	1
1329	Cos	polarbearCos_Montoro	<$>171483</>	1
1330	Cos	polarbearCos_IceMontoro	<$>171484</>	1
1331	Cos	polarbearCos_Evil	<$>171485</>	1
1332	Cos	polarbearCos_Kevin	<$>171486</>	1
1333	Cos	LaluzBlueCostume	<$>175411</>	1
1334	Cos	YulianaSchoolLookCos	<$>175412</>	1
1335	Cos	BertheSchoolLookCos	<$>175413</>	1
1336	Cos	SchoolLookCos_Leona	<$>179023</>	1
1337	Cos	SchoolLookCos_Judith	<$>179024</>	1
1338	Cos	StrataDevil_Cos	<$>179025</>	1
1339	Cos	StrataDevilMetal_Cos	<$>179026</>	1
1340	Cos	Santodeblanc_Cos	<$>179027</>	1
1341	Cos	SantuarioMetal_Cos	<$>179028</>	1
1342	Cos	CastillaFate_Cos	<$>179029</>	1
1343	Cos	SantoCos_Anies	<$>187834</>	1
1344	Cos	SantoCos_Lynn	<$>187835</>	1
1345	Cos	SantoCos_Elisa	<$>187836</>	1
1346	Cos	SantoCos_Claude	<$>172724</>	1
1347	Cos	SantoCos_Ion	<$>172725</>	1
1348	Cos	SantoCos_Kess	<$>172726</>	1
1349	Cos	SantoCos_Levin	<$>172727</>	1
1350	Cos	SantoCos_Laura	<$>187837</>	1
1351	Cos	BeachWear_Sirius	<$>187838</>	1
1352	Cos	BeachWear_JD	<$>187839</>	1
1353	Cos	BeachWear_Bane	<$>187840</>	1
1354	Cos	Santa_R_Barrel	<$>193688</>	1
1355	Cos	Santa_B_Barrel	<$>193689</>	1
1356	Cos	Santa_W_Leona	<$>193690</>	1
1357	Cos	Santa_B_Leona	<$>193691</>	1
1358	Cos	Santa_W_Leona2	<$>193692</>	1
1359	Cos	Santa_B_Leona2	<$>193693</>	1
1360	Cos	Kano2_SchoolLook_B	<$>200314</>	1
1361	Cos	Kano2_SchoolLook_G	<$>200315</>	1
1362	Cos	Gra_SchoolLook_G	<$>200316</>	1
1363	Cos	Gra_SchoolLook_B	<$>200317</>	1
1364	Cos	Nena_SchoolLook_B	<$>200318</>	1
1365	Cos	Nena_SchoolLook_G	<$>200319</>	1
1366	Cos	BeachWear_Ramiro	<$>208044</>	1
1367	Cos	BeachWear_Viki	<$>208045</>	1
1368	Cos	BeachWear_PLudin_R	<$>208046</>	1
1369	Cos	BeachWear_PLudin_B	<$>208047</>	1
1370	Cos	BeachWear_JudithA1	<$>208048</>	1
1371	Cos	BeachWear_JudithA2	<$>208049</>	1
1372	Cos	BeachWear_JudithB1	<$>208050</>	1
1373	Cos	BeachWear_JudithB2	<$>208051</>	1
1374	Cos	Joshua_Costume_B	<$>210397</>	1
1375	Cos	Joshua_Costume_K	<$>210398</>	1
1376	Cos	Aclla_Costume	<$>210399</>	1
1377	Cos	NatalieRare_Costume_a	<$>210400</>	1
1378	Cos	NatalieRare_Costume_b	<$>210401</>	1
1379	Cos	Fantasma_Costume	<$>211970</>	1
1380	Cos	Enfermera_Costume	<$>211971</>	1
1381	Cos	Adriana_NoirGangster_Costume	<$>213200</>	1
1382	Cos	Adelina_NoirGangster_Costume	<$>213201</>	1
1383	Cos	AndanteCos1	<$>215794</>	1
1384	Cos	AndanteCos2	<$>215795</>	1
1385	Cos	VivaceCos1	<$>215796</>	1
1386	Cos	VivaceCos2	<$>215797</>	1
1387	Cos	RedInnocence	<$>217054</>	1
1388	Cos	BlueInnocence	<$>217055</>	1
1389	Cos	WhiteLiberte	<$>217056</>	1
1390	Cos	RedLiberte	<$>217057</>	1
1391	Cos	WhiteElegance	<$>217058</>	1
1392	Cos	BlackElegance	<$>217059</>	1
1393	Cos	Joshua_Teacher_B	<$>218405</>	1
1394	Cos	Joshua_Teacher_F	<$>218406</>	1
1395	Cos	Kael_Teacher_B	<$>218407</>	1
1396	Cos	Kael_Teacher_R	<$>218408</>	1
1397	Cos	Eileen_Teacher_F	<$>218409</>	1
1398	Cos	Eileen_Teacher_B	<$>218410</>	1
1399	Cos	LoD_Cos_Body	<$>218411</>	1
1400	Cos	CDaria_Sum_Cos	<$>224909</>	1
1401	Cos	Emillia_Sum_Cos	<$>224910</>	1
1402	Cos	Anies_Sum_Cos	<$>224911</>	1
1403	Cos	DSlave_Sum_Cos	<$>224912</>	1
1404	Cos	Rachel2Green	<$>226746</>	1
1405	Cos	Rachel2White	<$>226747</>	1
1406	Cos	Misa_Coat	<$>226748</>	1
1407	Cos	Kiss_BasicCos	<$>226749</>	1
1408	Cos	Coa_Basic	<$>226750</>	1
1409	Cos	Coarare_Basic	<$>226751</>	1
1410	Cos	Sakura_H_Basic	<$>226752</>	1
1411	Cos	Sakura2_H_Basic	<$>226753</>	1
1412	Cos	Rose_AndreCos	<$>231238</>	1
1413	Cos	CDaria_AndreCos1	<$>231239</>	1
1414	Cos	CDaria_AndreCos2	<$>226765</>	1
1415	Cos	DariaRare_Pick_Cos1	<$>226766</>	1
1416	Cos	DariaRare_Pick_Cos2	<$>226767</>	1
1417	Cos	Bknight_Pick_Cos1	<$>226768</>	1
1418	Cos	Bknight_Pick_Cos2	<$>226769</>	1
1419	Cos	HwCos_Van	<$>228162</>	1
1420	Cos	HwCos_Rosa	<$>228163</>	1
1421	Cos	HwCos_Anies2	<$>228164</>	1
1422	Cos	XmasCos_2018_Sakur	<$>230062</>	1
1423	Cos	XmasCos_2018_Rachel2	<$>230063</>	1
1424	Cos	XmasCos_2018_Nar	<$>77977</>	1
1425	Cos	Navas_Cos1	<$>231240</>	1
1426	Cos	Cos_bknightdoom1	<$>231241</>	1
1427	Cos	Calyce2_Cos1	<$>233287</>	1
1428	Cos	Cos_misa_school	<$>233289</>	1
1429	Cos	Cos_coa_school	<$>233291</>	1
1430	Cos	Cos_coarare_school	<$>233293</>	1
1431	Cos	Cos_kiss_school	<$>233295</>	1
1432	Cos	Cos_Loo_school	<$>233297</>	1
1433	Cos	Cos_Loorare_school	<$>233299</>	1
1434	Cos	Cos_aniesrarecosw1	<$>236808</>	1
1435	Cos	Cos_aniesrarecosb2	<$>236809</>	1
1436	Cos	Cos_bertherarecosw1	<$>236810</>	1
1437	Cos	Cos_bertherarecosb2	<$>236811</>	1
1438	Cos	Cos_Miho_Maid_B	<$>236812</>	1
1439	Cos	Cos_Miho_Maid_P	<$>236813</>	1
1440	Cos	Cos_Miha_Butler_B	<$>236814</>	1
1441	Cos	Cos_Miha_Butler_P	<$>236815</>	1
10001	Head	Hat	<$>29094</>	0
10002	Head	RoundtopHat	<$>29095</>	0
10003	Head	EngineerCap	<$>29096</>	0
10004	Head	FencerHat	<$>29097</>	0
10005	Head	MechanicCap	<$>29098</>	0
10006	Head	Ironmask	<$>29099</>	0
10007	Head	CamisaHat	<$>29100</>	0
10008	Head	GladiatorHat	<$>29101</>	0
10009	Head	PartyHat	<$>29102</>	0
10010	Head	OperaHat	<$>29103</>	0
10011	Head	OutingHat	<$>29104</>	0
10012	Head	IrolinaHat	<$>29105</>	0
10013	Head	AlbaesHat	<$>29106</>	0
10014	Head	ClaramagoHat	<$>29107</>	0
10015	Head	IvoryHomburg	<$>29108</>	0
10016	Head	BluishFeatherHat	<$>29109</>	0
10017	Head	PericoloHat	<$>29110</>	0
10018	Head	MusketSidecap	<$>29111</>	0
10019	Head	TriumphHorn	<$>29112</>	0
10020	Head	BlackFeatherSidecap	<$>29113</>	0
10021	Head	MusketTricornHat	<$>29114</>	0
10022	Head	CorsairHat	<$>29115</>	0
10023	Head	FireProtectorHat	<$>29116</>	0
10024	Head	IceProtectorHat	<$>29117</>	0
10025	Head	LightProtectorHat	<$>29118</>	0
10026	Head	Shapka	<$>29119</>	0
10027	Head	ElementalistHat	<$>29120</>	0
10028	Head	AlegriasHat	<$>29121</>	0
10029	Head	RosaRibon	<$>29122</>	0
10030	Head	PanfiloHat	<$>29123</>	1
10031	Head	Hawkeyes	<$>29124</>	1
10032	Head	BlacksmithCap1	<$>29125</>	1
10033	Head	SnipersCap	<$>29126</>	1
10034	Head	TargaTurbun	<$>29127</>	1
10035	Head	SwordmanHelm	<$>29128</>	1
10036	Head	TrooperHelm	<$>29129</>	1
10037	Head	YeganehHat	<$>29130</>	1
10038	Head	DilosHat	<$>29131</>	1
10039	Head	BlacksmithCap2	<$>29125</>	1
10040	Head	BlacksmithCap3	<$>29125</>	1
10041	Head	MaidHairband	<$>14279</>	1
10042	Head	Bearhat	<$>29132</>	1
10043	Head	Bunnyband	<$>29133</>	1
10044	Head	Santahat	<$>29134</>	1
10045	Head	Rudolfhorn	<$>29135</>	1
10046	Head	Bearhat2	<$>29136</>	1
10047	Head	WitchHat	<$>29137</>	1
10048	Head	Bearhat3	<$>29138</>	1
10049	Head	FlowerBand	<$>29139</>	1
10050	Head	BunnyTail2	<$>29140</>	1
10051	Head	PumpkinHat	<$>29141</>	1
10052	Head	MouseHat1	<$>29142</>	1
10053	Head	MouseHat2	<$>29143</>	1
10054	Head	MouseHat3	<$>29144</>	1
10055	Head	RabbitHat	<$>29145</>	1
10056	Head	PlateHelm	<$>29146</>	1
10057	Head	IdgeHelm	<$>29147</>	1
10058	Head	TeriousHair	<$>29148</>	1
10059	Head	LayeredShaggyCut	<$>29149</>	1
10060	Head	SamuraiHat	<$>29150</>	1
10061	Head	SamuraiHat2	<$>29151</>	1
10062	Head	SamuraiHat3	<$>29152</>	1
10063	Head	TeriousHair2	<$>29153</>	1
10064	Head	LayeredShaggyCut2	<$>29154</>	1
10065	Head	ClaramagoHair	<$>29155</>	1
10066	Head	Chapeaudeblanc	<$>29156</>	1
10067	Head	PantheraColback	<$>29157</>	1
10068	Head	WaveHair	<$>29158</>	1
10069	Head	VioletPonytail	<$>29159</>	1
10070	Head	WaveHair2	<$>29160</>	1
10071	Head	VioletPonytail2	<$>29161</>	1
10072	Head	Plait	<$>29162</>	1
10073	Head	GrayFeatherHat	<$>29163</>	1
10074	Head	ShortHair	<$>29164</>	1
10075	Head	Plait2	<$>29165</>	1
10076	Head	ShortHair2	<$>29166</>	1
10077	Head	ShaggyHair	<$>29167</>	1
10078	Head	VolumePerm	<$>29168</>	1
10079	Head	ShaggyHair2	<$>29169</>	1
10080	Head	VolumePerm2	<$>29170</>	1
10081	Head	DanddyAllback	<$>29171</>	1
10082	Head	Sheephornhair	<$>29172</>	1
10083	Head	DanddyAllback2	<$>29173</>	1
10084	Head	Sheephornhair2	<$>29174</>	1
10085	Head	CoronaLaVentisca	<$>29175</>	1
10086	Head	PirateHat	<$>29176</>	1
10087	Head	WarCookerHat	<$>29177</>	1
10088	Head	BattleSmithHat	<$>29178</>	1
10089	Head	SageHat	<$>29179</>	1
10090	Head	RaccoonHat	<$>29180</>	1
10091	Head	BellyDancerHair	<$>29181</>	1
10092	Head	PromenadeDressHat	<$>29182</>	1
10093	Head	LeafageSuitHat	<$>29183</>	1
10094	Head	AfloHair	<$>29184</>	1
10095	Head	ClaudeWig	<$>29185</>	1
10096	Head	ShalwarKamisHat	<$>29186</>	1
10097	Head	DetectiveHat	<$>29187</>	1
10098	Head	NaturalHair	<$>29188</>	1
10099	Head	LightHairBand	<$>29189</>	1
10100	Head	CoimCenturionHat	<$>29190</>	1
10101	Head	CenturionHat	<$>29191</>	1
10102	Head	OutrageousHat	<$>29192</>	1
10103	Head	RegimentUniformHat	<$>29193</>	1
10104	Head	DisDashaHat	<$>29194</>	1
10105	Head	KoreanClothesHat	<$>29195</>	1
10106	Head	KoreanClothesHatFGT	<$>29196</>	1
10107	Head	KoreanClothesHatMUS	<$>29197</>	1
10108	Head	DesperadoHat	<$>29198</>	1
10109	Head	KalidHat	<$>29199</>	1
10110	Head	ByzantkohlMask	<$>29200</>	1
10111	Head	BraidsHair	<$>29201</>	1
10112	Head	CockatriesHat	<$>29202</>	1
10113	Head	Ponytail_FGT	<$>29203</>	1
10114	Head	FairyBob_WAR	<$>29204</>	1
10115	Head	Layer_bob	<$>29205</>	1
10116	Head	Tight_arrange	<$>29206</>	1
10117	Head	Gildedshaggy_FGT	<$>29207</>	1
10118	Head	Angel_Ring	<$>29208</>	1
10119	Head	Milky_bob	<$>29209</>	1
10120	Head	PiernoenteHat_FGT	<$>29210</>	1
10121	Head	Wild_LayeredShaggy	<$>29211</>	1
10122	Head	CowHat_Female	<$>9748</>	1
10123	Head	CowHat_male	<$>9747</>	1
10124	Head	ShaggyWolf_SCT	<$>29212</>	1
10125	Head	NaturalWave_WIZ	<$>29213</>	1
10126	Head	Scratch_WAR	<$>29214</>	1
10127	Head	WavePerm_WIZ	<$>29215</>	1
10128	Head	Shaggybob_SCT	<$>29216</>	1
10129	Head	NaturalHalf_Romi	<$>29217</>	1
10130	Head	Camaryllis_Hat_MUS	<$>29218</>	1
10131	Head	Inviardeco_Hat_SCT	<$>29219</>	1
10132	Head	Calienalbino_Hat_WIZ	<$>29220</>	1
10133	Head	Variltorta_Hat_MUS	<$>29221</>	1
10134	Head	DeinClian_Hat_WIZ	<$>29222</>	1
10135	Head	Ruidestencia_Hat_WAR	<$>29223</>	1
10136	Head	Curlwave_Hat_WAR	<$>29224</>	1
10137	Head	Bonnet_Hat_IDGE	<$>29225</>	1
10138	Head	MabroMetisHat_WIZ	<$>29226</>	1
10139	Head	MabroPeiraHat_WIZ	<$>29227</>	1
10140	Head	GildedWolf_LOR	<$>29228</>	1
10141	Head	OlgaPatricia_Hat_WAR	<$>29229</>	1
10142	Head	RosePatricia_Hat_WAR	<$>29230</>	1
10143	Head	BlaueSpiel_Hat	<$>29231</>	1
10144	Head	AgioRegion_Hat	<$>29232</>	1
10145	Head	AsuppRegion_Hat	<$>29233</>	1
10146	Head	BleRastere_Hat	<$>29234</>	1
10147	Head	PhshiRastere_Hat	<$>29235</>	1
10148	Head	PrettyShort_Clair	<$>29236</>	1
10149	Head	WildBack_Nar	<$>29237</>	1
10150	Head	WildBlare_Nar	<$>29238</>	1
10151	Head	JadePhraxiHat	<$>29239</>	1
10152	Head	RaidPhraxiHat	<$>29240</>	1
10153	Head	WildTale_Ania	<$>29241</>	1
10154	Head	Santahat_Adel	<$>29242</>	1
10155	Head	Santahat_Ber	<$>29243</>	1
10156	Head	Santahat_Emil	<$>29244</>	1
10157	Head	Santahat_Caly	<$>29245</>	1
10158	Head	Lavenderhat_Selva	<$>29246</>	1
10159	Head	BlueSerpentM_WIZ	<$>29247</>	1
10160	Head	BlueserpentF_WIZ	<$>29248</>	1
10161	Head	Navy_AdmiralHat	<$>29249</>	1
10162	Head	Navy_OfficerHat	<$>29250</>	1
10163	Head	SakuraHair_Asoka	<$>29251</>	1
10164	Head	Gaurahair_Mikaza	<$>29252</>	1
10165	Head	GloriosaEye_Back	<$>29253</>	1
10166	Head	CattleyaHair_Hellena	<$>29254</>	1
10167	Head	LordPlateHair_Grandma	<$>29255</>	1
10168	Head	BristianNobleHat_Garcia	<$>29256</>	1
10169	Head	GraceIxiaHat_Guns	<$>29257</>	1
10170	Head	LesCheveuxD_Beaut	<$>29258</>	1
10171	Head	CastillaFate_Helm	<$>29259</>	1
10172	Head	VioleitaHat_Lunatic	<$>29260</>	1
10173	Head	BristianColonelHat_Eduardo	<$>29261</>	1
10174	Head	Event_Angel_Ring	<$>29262</>	1
10175	Head	Event_Rudolfhorn	<$>29263</>	1
10176	Head	Event_Santahat	<$>29264</>	1
10177	Head	BelledejourHair	<$>29265</>	1
10178	Head	CapitaineHair	<$>29266</>	1
10179	Head	PigeonneHair	<$>29267</>	1
10180	Head	CapitaineHair_fgt	<$>29268</>	1
10181	Head	UnbalanceHair	<$>29269</>	1
10182	Head	Moreyoungerwig	<$>29270</>	1
10183	Head	CapitaineHair_mus	<$>29271</>	1
10184	Head	BlackpearlHat	<$>29272</>	1
10185	Head	CapitaineHair_war	<$>29273</>	1
10186	Head	WhiteVeil_Caly	<$>29274</>	1
10187	Head	BlackVeil_Caly	<$>29275</>	1
10188	Head	CapitaineHair_sct	<$>29276</>	1
10189	Head	Honeybee_Hair	<$>29277</>	1
10190	Head	Glasses_FGT_M	<$>29278</>	1
10191	Head	Glasses_FGT_F	<$>29279</>	1
10192	Head	Glasses_WIZ_M	<$>29280</>	1
10193	Head	Glasses_WIZ_F	<$>29281</>	1
10194	Head	Glasses_SCT_M	<$>29282</>	1
10195	Head	Glasses_SCT_F	<$>29283</>	1
10196	Head	Glasses_MUS_M	<$>29284</>	1
10197	Head	Glasses_MUS_F	<$>29285</>	1
10198	Head	Glasses_WAR_M	<$>29286</>	1
10199	Head	Glasses_WAR_F	<$>29287</>	1
10200	Head	Gracielo_Headgear	<$>29288</>	1
10201	Head	Gracielo_Bandana	<$>29289</>	1
10202	Head	Gracielo_GreenIguana	<$>29290</>	1
10203	Head	Lorch_CircleGlasses	<$>29291</>	1
10204	Head	Lorch_NoseGlasses	<$>29292</>	1
10205	Head	Ramiro_Catface	<$>29293</>	1
10206	Head	Ramiro_FakeArrow	<$>29294</>	1
10207	Head	Ramiro_PhobitanCap	<$>29295</>	1
10208	Head	Alejandro_Octo1	<$>29296</>	1
10209	Head	Alejandro_Octo2	<$>29297</>	1
10210	Head	MBoma_Faceprint1	<$>29298</>	1
10211	Head	MBoma_Faceprint2	<$>29299</>	1
10212	Head	Ramiro_FakeArrow_Event	<$>29300</>	1
10213	Head	Ramiro_PhobitanCap_Event	<$>29301</>	1
10214	Head	Test_Face	<$>29302</>	1
10215	Head	Sunglasses_FGT_M	<$>29303</>	1
10216	Head	Sunglasses_FGT_F	<$>29304</>	1
10217	Head	Sunglasses_WIZ_M	<$>29305</>	1
10218	Head	Sunglasses_WIZ_F	<$>29306</>	1
10219	Head	Sunglasses_SCT_M	<$>29307</>	1
10220	Head	Sunglasses_SCT_F	<$>29308</>	1
10221	Head	Sunglasses_MUS_M	<$>29309</>	1
10222	Head	Sunglasses_MUS_F	<$>29310</>	1
10223	Head	Sunglasses_WAR_M	<$>29311</>	1
10224	Head	Sunglasses_WAR_F	<$>29312</>	1
10225	Head	OneEyedGlass	<$>29313</>	1
10226	Head	CapitaineLunette	<$>29314</>	1
10227	Head	TrifoliumHat_JPN	<$>29315</>	1
10228	Head	lionnoblemask_JPN	<$>29316</>	1
10229	Head	chevrehair_JPN	<$>29317</>	1
10230	Head	sensationhead_JPN	<$>29318</>	1
10231	Head	DelangeDelargent_Clair	<$>29319</>	1
10232	Head	LaCoiffureDu_JPN	<$>29320</>	1
10233	Head	Emeraldsmm_Hair	<$>29321</>	1
10234	Head	sagittairehair_JPN	<$>29322</>	1
10235	Head	LinariaHat	<$>29323</>	1
10236	Head	BernelliBeachSunglass	<$>29324</>	1
10237	Head	AngelicaHat_Bru	<$>29325</>	1
10238	Head	wildshort	<$>29326</>	1
10239	Head	wavelongtail_JPN	<$>29327</>	1
10240	Head	wavecurl	<$>29328</>	1
10241	Head	Waveponyhair_JPN	<$>29329</>	1
10242	Head	windfirsthair	<$>29330</>	1
10243	Head	Rougeannoir_Hair	<$>29331</>	1
10244	Head	Belierhair_JPN	<$>29332</>	1
10245	Head	verseauhat_JPN	<$>29333</>	1
10246	Head	Weddinghair	<$>29334</>	1
10247	Head	Blackbanshee_Hair	<$>29335</>	1
10248	Head	honesthair_hel	<$>29336</>	1
10249	Head	azeleahair_JPN	<$>29337</>	1
10250	Head	Indigo9_Hair	<$>29338</>	1
10251	Head	SantaValleria_Hair	<$>29339</>	1
10252	Head	SantaMifuyu_Hair	<$>29340</>	1
10253	Head	Ororyza_Hair	<$>29341</>	1
10254	Head	LilyBasicSmithHat	<$>29342</>	1
10255	Head	steelgryphoncap_RUS	<$>29343</>	1
10256	Head	ShootingLove_Hair	<$>29344</>	1
10257	Head	Revenant_Hair	<$>38446</>	1
10258	Head	Blossoms_Hair	<$>68257</>	1
10259	Head	Capitaine_Hair	<$>68275</>	1
10260	Head	Silverane_Hair	<$>79928</>	1
10261	Head	Fatima_Hair	<$>79931</>	1
10262	Head	CapitainHair_Vincent	<$>77111</>	1
10263	Head	Whitebobbed_Hair	<$>79934</>	1
10264	Head	ArchaicAcademic_Hair	<$>76401</>	1
10265	Head	Sugarsnow_Hair	<$>76396</>	1
10266	Head	Straightperm_WIZ	<$>29797</>	1
10267	Head	RalphMonocle	<$>29802</>	1
10268	Head	AdrianaGlasses	<$>29803</>	1
10269	Head	BerroniffGlasses	<$>29804</>	1
10270	Head	Assasin_Veil	<$>82177</>	1
10271	Head	Civvies_Hair	<$>82180</>	1
10272	Head	Formal_Hair	<$>82961</>	1
10273	Head	Rainycurl_Hair	<$>82964</>	1
10274	Head	PurpleHighlights_Hair	<$>83790</>	1
10275	Head	WaveShaggyHair	<$>89957</>	1
10276	Head	BlackCobraHat	<$>95777</>	1
10277	Head	Sonora_Hair	<$>77121</>	1
10278	Head	FemmeHair	<$>94957</>	1
10279	Head	CuteBob	<$>99598</>	1
10280	Head	Whitecosmos_Hair	<$>76388</>	1
10281	Head	HittsumeHair	<$>103364</>	1
10282	Head	BloodNavyHat	<$>106814</>	1
10283	Head	MarchettiGlasses	<$>106815</>	1
10284	Head	VioletTail	<$>100397</>	1
10285	Head	WhiteBlossom_Hair	<$>79938</>	1
10286	Head	LeReveBleu_Hair	<$>108328</>	1
10287	Head	RidersHair_New	<$>102099</>	1
10288	Head	SierraWitchHat	<$>108329</>	1
10289	Head	DeepblueHair	<$>104271</>	1
10290	Head	Cutearmyhat	<$>108988</>	1
10291	Head	Mustache	<$>108985</>	1
10292	Head	Mcgicianhat	<$>111511</>	1
10293	Head	Naturalracel	<$>110769</>	1
10294	Head	Blackturbun	<$>111836</>	1
10295	Head	Silkywhitehat	<$>111838</>	1
10296	Head	Casualshort	<$>112458</>	1
10297	Head	Raybang	<$>111834</>	1
10299	Head	Refinementhairstyle	<$>116870</>	1
10300	Head	SierraWhiteWitchHat1	<$>118009</>	1
10301	Head	HuntersCap	<$>120060</>	1
10302	Head	bunnyillusionhair	<$>119590</>	1
10303	Head	Gradationshaggy	<$>106269</>	1
10304	Head	Gradationshaggy_bland	<$>124406</>	1
10305	Head	CharmHair	<$>120356</>	1
10306	Head	ClairShortHair	<$>120357</>	1
10307	Head	SierraSummerHair	<$>124407</>	1
10308	Head	JaneGlasses	<$>128723</>	1
10309	Head	JaneDetectiveHat	<$>128724</>	1
10310	Head	Jinmask	<$>120532</>	1
10311	Head	LauraBundleHair	<$>128725</>	1
10312	Head	GothicLolitaHair	<$>129822</>	1
10313	Head	IceCrown	<$>135071</>	1
10314	Head	AniesHat	<$>138788</>	1
10315	Head	PainterHat	<$>138789</>	1
10316	Head	EmiliaVioletaHat	<$>135219</>	1
10317	Head	JDAvalancheHair	<$>140420</>	1
10318	Head	LisaAvalancheHair	<$>140421</>	1
10319	Head	CruzAvalancheHair	<$>143132</>	1
10320	Head	DoloresHat	<$>143133</>	1
10321	Head	LorraineHat	<$>143134</>	1
10322	Head	SieeraAvalancheHat1	<$>143135</>	1
10323	Head	AniesSchoolLookHair	<$>144261</>	1
10324	Head	SesilSchoolLookHair	<$>144262</>	1
10325	Head	JaneGlasses2	<$>144263</>	1
10326	Head	SchoolLookHair_Sirius	<$>146287</>	1
10327	Head	JinRockstarHat	<$>152399</>	1
10328	Head	RosaRockstarHat	<$>152400</>	1
10329	Head	LauraRockstarHat	<$>152401</>	1
10330	Head	DoloresMarineLookHat	<$>159895</>	1
10331	Head	LorraineMarineLookHat	<$>159896</>	1
10332	Head	LynnSilverHair	<$>159897</>	1
10333	Head	PuppleKizHat	<$>164243</>	1
10334	Head	PartySpadeHair	<$>167457</>	1
10335	Head	LeonaVampaireHair1	<$>166213</>	1
10336	Head	LeonaVampaireHair2	<$>166214</>	1
10337	Head	VendettaVampaireHair	<$>166215</>	1
10338	Head	VanessaPurpleHat	<$>177182</>	1
10339	Head	BloodNavyKanoHat	<$>187841</>	1
10340	Head	NatalieRareHat	<$>190187</>	1
10341	Head	BeckyTricorne	<$>192816</>	1
10342	Head	Santahat_R_Barrel	<$>193694</>	1
10343	Head	Santahat_B_Barrel	<$>193695</>	1
10344	Head	Santahat_W_Leona	<$>193696</>	1
10345	Head	Santahat_B_Leona	<$>193697</>	1
10346	Head	Santahat_W_Leona2	<$>193698</>	1
10347	Head	Santahat_B_Leona2	<$>193699</>	1
10348	Head	GuillotineGlasses	<$>198962</>	1
10349	Head	GuillotineGlasses2	<$>198963</>	1
10350	Head	GuillotineGlasses3	<$>198964</>	1
10351	Head	Kano2_SchoolLook_Hair	<$>200320</>	1
10352	Head	Nena_SchoolLook_Hair	<$>200321</>	1
10353	Head	Gra_SchoolLook_Hair	<$>200322</>	1
10354	Head	Gra_SchoolLook_Hair2	<$>200323</>	1
10355	Head	Kano2_Glasses	<$>200324</>	1
10356	Head	Nena_Glasses	<$>200325</>	1
10357	Head	Gra_Glasses	<$>200326</>	1
10358	Head	Hat_Hermes	<$>200327</>	1
10359	Head	Joshua_Gasses	<$>202497</>	1
10360	Head	Joshua_Mask	<$>202498</>	1
10361	Head	Beachhair_Ramiro	<$>208052</>	1
10362	Head	Beachhair_Viki	<$>208053</>	1
10363	Head	Beachhair_Ludin2	<$>208054</>	1
10364	Head	Beachhair_JudithA	<$>208055</>	1
10365	Head	Beachhair_JudithB	<$>208056</>	1
10366	Head	Sunglasses_Ramiro	<$>208057</>	1
10367	Head	Sunglasses_Viki	<$>208058</>	1
10368	Head	Hat_Kael	<$>208059</>	1
10369	Head	Kael_Mask	<$>208060</>	1
10370	Head	Rachel2RareG	<$>208061</>	1
10371	Head	Rachel2RareStalking	<$>208062</>	1
10372	Head	Dariararehathair	<$>210384</>	1
10373	Head	Hair_Aclla_Blue	<$>210391</>	1
10374	Head	Hair_Aclla_Gold	<$>210392</>	1
10375	Head	Hair_NatalieRare_Hat_a	<$>210393</>	1
10376	Head	Hair_NatalieRare_Hat_b	<$>210394</>	1
10377	Head	Hair_NatalieRare_Hair_a	<$>210395</>	1
10378	Head	Hair_NatalieRare_Hair_b	<$>210396</>	1
10379	Head	Fantasma_Hat	<$>211972</>	1
10380	Head	Enfermera_Hat	<$>211973</>	1
10381	Head	Hair_GangsterAdriana	<$>213204</>	1
10382	Head	Hair_GangsterAdelina	<$>213205</>	1
10383	Head	Hair_GangsterAdriana2	<$>213206</>	1
10384	Head	Hair_GangsterAdriana_Ev	<$>213207</>	1
10385	Head	Hair_GangsterAdelina_Ev	<$>213208</>	1
10386	Head	Hair_GangsterAdriana2_Ev	<$>213209</>	1
10387	Head	Hat_BertheRare_1	<$>213210</>	1
10388	Head	Hair_BertheRare_1	<$>213211</>	1
10389	Head	Hat_BertheRare_2	<$>213212</>	1
10390	Head	AndanteHair1	<$>215798</>	1
10391	Head	AndanteHair2	<$>215799</>	1
10392	Head	VivaceHair1	<$>215800</>	1
10393	Head	VivaceHair2	<$>215801</>	1
10394	Head	Hat_Sirius2	<$>215802</>	1
10395	Head	RedInnocenceHat	<$>217061</>	1
10396	Head	BlueInnocenceHat	<$>217062</>	1
10397	Head	WhiteLiberteHat	<$>217063</>	1
10398	Head	RedLiberteHat	<$>217064</>	1
10399	Head	WhiteEleganceHat	<$>217065</>	1
10400	Head	BlackEleganceHat	<$>217066</>	1
10401	Head	ScarletInnocenceHair	<$>217067</>	1
10402	Head	CielLiberteHair	<$>217068</>	1
10403	Head	HermesEleganceHair	<$>217069</>	1
10404	Head	InnocenceSunglass	<$>217070</>	1
10405	Head	LiberteGlasses	<$>217071</>	1
10408	Head	Joshua_Hair1	<$>218412</>	1
10409	Head	Joshua_Hair2	<$>218413</>	1
10410	Head	Kael_Hair1	<$>218414</>	1
10411	Head	Kael_Hair2	<$>218415</>	1
10412	Head	Eileen_Hair1	<$>218416</>	1
10413	Head	Eileen_Hair2	<$>218417</>	1
10414	Head	Joshua_TeachGasses	<$>218418</>	1
10415	Head	Kael_TeachGasses	<$>218419</>	1
10416	Head	Eileen_TeachGasses	<$>218420</>	1
10417	Head	Eileenrare_TeachGasses	<$>218420</>	1
10418	Head	LoD_Cos_Hair	<$>218421</>	1
10419	Head	CDaria_Sum_Hair	<$>224913</>	1
10420	Head	Emillia_Sum_Hair	<$>224914</>	1
10421	Head	Anies_Sum_Hair	<$>224915</>	1
10422	Head	DSlave_Sum_Hair	<$>224916</>	1
10423	Head	CDaria_Sum_Face	<$>224917</>	1
10424	Head	Yega2Hair	<$>226754</>	1
10425	Head	Misa_Hair1	<$>226755</>	1
10426	Head	Misa_Hair2	<$>226756</>	1
10427	Head	Cos_Hair	<$>226757</>	1
10428	Head	Coarare_Hair	<$>226758</>	1
10429	Head	Sakura_Basic	<$>226759</>	1
10430	Head	Sakura2_Basic	<$>226760</>	1
10431	Head	Rose_Andrehair	<$>231242</>	1
10432	Head	CDaria_Andrehair1	<$>231243</>	1
10433	Head	CDaria_Andrehair2	<$>231244</>	1
10434	Head	Hat_Aisha	<$>225665</>	1
10438	Head	Bknight_Mask	<$>226761</>	1
10439	Head	Bknight_Mask2	<$>226762</>	1
10440	Head	CDaria_Pick_Face1	<$>226763</>	1
10441	Head	CDaria_Pick_Face2	<$>226764</>	1
10442	Head	Calyce2_Hair	<$>233301</>	1
10443	Head	Calyce2_Hair_Ev	<$>233302</>	1
10444	Head	Miho_Hair_B	<$>236816</>	1
10445	Head	Miho_Hair_W	<$>236817</>	1
10446	Head	Miha_Hair_B	<$>236818</>	1
10447	Head	Miha_Hair_W	<$>236819</>	1
10448	Head	Miho_MaidGlasses	<$>236820</>	1
10449	Head	Miha_ButlerGlasses	<$>236821</>	1
